Gender,Age
Male,63
Female,20
Female,46
Female,52
Female,56
Male,35
Male,37
Male,60
Male,40
Male,51
Female,50
Male,67
Female,65
Female,27
Female,50
Female,64
Female,50
Male,65
Female,43
Male,37
Male,32
Female,54
Male,50
Male,34
Female,22
Female,67
Male,21
Male,20
Male,38
Female,57
Female,20
Male,38
Male,65
Female,66
Female,25
Female,59
Female,53
Male,46
Female,70
Male,56
Female,51
Female,39
Male,48
Female,45
Female,52
Female,51
Female,30
Male,58
Male,21
Female,60
Female,23
Male,18
Male,29
Male,52
Male,28
Male,40
Female,31
Male,36
Male,54
Female,33
Female,61
Female,45
Female,62
Male,48
Male,70
Female,24
Male,63
Male,69
Female,44
Female,34
Female,24
Female,32
Male,70
Female,57
Male,29
Female,25
Female,19
Male,61
Female,55
Male,43
Female,68
Male,38
Male,67
Male,30
Male,36
Male,35
Male,19
Male,69
Female,62
Male,59
Male,66
Male,45
Female,67
Male,40
Male,21
Female,21
Male,29
Male,39
Male,43
Female,57
Female,59
Male,52
Female,21
Male,29
Male,21
Female,69
Male,48
Female,24
Male,27
Female,41
Male,32
Male,56
Female,37
Male,24
Female,30
Male,45
Female,56
Male,35
Female,64
Male,28
Male,53
Female,70
Female,53
Male,19
Male,65
Female,63
Male,34
Male,23
Female,58
Male,63
Male,40
Male,64
Female,33
Female,58
Female,43
Male,63
Female,67
Female,18
Male,53
Female,47
Female,19
Male,37
Male,22
Male,48
Female,25
Female,47
Female,56
Female,19
Female,70
Female,30
Male,21
Male,62
Male,69
Male,25
Female,56
Male,42
Male,24
Male,31
Female,46
Male,62
Female,38
Male,54
Male,66
Male,50
Female,58
Male,42
Female,70
Male,63
Male,31
Male,26
Male,32
Male,24
Female,19
Female,48
Male,24
Female,58
Female,28
Female,30
Male,30
Female,43
Female,60
Female,67
Male,25
Female,31
Female,62
Female,19
Male,59
Male,32
Male,41
Female,51
Male,21
Male,35
Female,42
Male,64
Male,41
Male,23
Female,51
Female,68
Female,55
Male,20
Female,36
Male,64
Female,63
Female,53
Male,36
Female,45
Female,64
Female,27
Male,35
Female,21
Male,29
Female,44
Female,46
Female,29
Female,28
Male,21
Male,63
Female,41
Male,43
Male,45
Female,64
Male,21
Female,53
Male,32
Male,39
Female,66
Male,41
Male,41
Male,54
Female,22
Female,23
Male,66
Female,27
Male,20
Female,55
Male,51
Male,23
Female,27
Male,33
Male,46
Male,20
Female,28
Female,54
Male,21
Male,66
Female,21
Male,41
Male,45
Female,52
Male,55
Male,67
Female,41
Male,39
Male,43
Male,35
Male,20
Male,63
Male,28
Female,26
Male,50
Female,43
Male,53
Female,21
Male,69
Female,19
Male,25
Male,24
Female,53
Female,51
Female,57
Male,36
Female,46
Male,56
Male,23
Male,27
Female,58
Female,59
Male,22
Female,41
Female,58
Female,39
Female,43
Male,68
Male,54
Female,62
Female,46
Male,53
Female,37
Female,35
Female,57
Male,62
Female,58
Female,32
Female,32
Male,41
Male,46
Male,34
Male,66
Male,64
Male,42
Female,33
Female,67
Male,34
Male,64
Male,64
Female,38
Male,61
Male,65
Male,44
Male,22
Male,39
Male,50
Female,57
Female,19
Female,52
Female,60
Female,36
Male,57
Female,44
Male,57
Male,53
Male,56
Male,19
Male,58
Male,70
Male,35
Female,63
Female,40
Male,43
Female,28
Male,65
Female,18
Male,53
Female,67
Female,37
Female,48
Male,25
Male,57
Female,41
Female,37
Female,32
Female,47
Female,37
Male,55
Male,19
Male,23
Female,59
Male,35
Female,53
Female,31
Female,43
Male,51
Female,47
Female,24
Female,47
Female,35
Female,39
Female,34
Female,48
Male,34
Female,48
Female,30
Female,44
Male,37
Female,34
Female,46
Male,56
Male,52
Female,25
Male,60
Male,55
Female,32
Male,67
Male,18
Male,50
Male,20
Female,56
Female,55
Female,65
Female,32
Female,59
Male,35
Female,55
Male,48
Female,37
Female,24
Female,54
Female,44
Female,25
Male,31
Male,67
Female,32
Female,24
Female,50
Female,69
Male,51
Male,21
Female,18
Female,58
Male,31
Male,48
Female,55
Male,67
Female,70
Female,37
Male,20
Female,52
Female,63
Female,50
Female,32
Female,20
Female,45
Female,44
Female,64
Male,64
Male,50
Female,36
Male,50
Female,48
Male,21
Male,49
Male,59
Female,45
Female,33
Male,66
Male,60
Female,45
Male,32
Male,65
Female,39
Male,48
Female,38
Male,49
Female,24
Female,50
Female,25
Male,31
Male,42
Male,49
Male,45
Female,19
Male,34
Male,44
Male,19
Male,25
Male,55
Female,37
Male,66
Female,54
Male,38
Male,43
Female,48
Female,37
Female,23
Female,67
Male,32
Male,18
Male,43
Female,46
Female,19
Male,39
Female,46
Male,26
Female,58
Female,38
Male,49
Male,49
Female,64
Female,61
Male,57
Female,43
Female,65
Male,30
Male,20
Male,49
Male,50
Female,50
Female,59
Male,59
Male,30
Male,60
Female,23
Male,21
Male,55
Female,23
Male,68
Female,20
Female,44
Male,57
Female,37
Female,35
Male,37
Male,47
Male,27
Male,69
Male,40
Male,64
Female,20
Female,69
Female,67
Male,26
Male,66
Male,36
Male,53
Male,57
Female,44
Male,59
Female,45
Male,60
Male,68
Male,25
Female,59
Female,65
Male,25
Female,35
Male,38
Female,63
Male,30
Male,44
Male,64
Male,57
Female,70
Female,33
Female,57
Male,26
Male,44
Male,34
Male,20
Female,70
Female,21
Female,57
Female,69
Male,18
Male,31
Female,25
Female,24
Male,47
Male,42
Male,56
Male,33
Female,28
Male,42
Male,50
Male,69
Female,68
Female,65
Female,38
Female,69
Male,69
Male,27
Female,67
Female,26
Female,18
Male,51
Male,48
Male,38
Male,41
Male,36
Male,65
Male,38
Female,42
Female,37
Male,70
Female,43
Female,24
Female,20
Female,57
Female,65
Female,25
Male,70
Female,47
Female,28
Male,25
Male,54
Male,34
Male,25
Female,64
Male,61
Male,47
Female,60
Male,60
Female,33
Male,21
Female,38
Male,67
Female,51
Male,57
Female,52
Male,30
Female,60
Male,44
Female,25
Male,58
Female,59
Male,46
Male,33
Female,60
Female,70
Male,63
Male,22
Female,54
Female,57
Female,57
Female,59
Female,27
Male,32
Male,38
Female,51
Male,39
Male,39
Male,26
Male,43
Male,30
Female,35
Male,18
Female,40
Male,50
Female,64
Male,48
Male,38
Female,40
Male,33
Female,44
Male,54
Male,55
Male,69
Female,31
Female,54
Female,64
Male,24
Male,29
Male,45
Female,20
Female,39
Female,68
Female,38
Male,46
Male,37
Female,20
Female,44
Female,38
Female,58
Male,50
Male,47
Female,65
Male,56
Male,58
Male,26
Male,65
Male,55
Female,40
Female,40
Male,18
Female,38
Male,49
Female,62
Female,43
Female,50
Female,26
Female,34
Male,23
Male,63
Female,24
Female,24
Male,54
Female,22
Male,50
Male,67
Male,27
Male,34
Male,57
Female,45
Male,64
Male,63
Female,39
Female,38
Male,64
Male,49
Female,49
Female,68
Female,53
Female,48
Male,23
Male,38
Female,52
Male,31
Male,40
Female,59
Male,41
Male,47
Female,27
Female,22
Male,59
Female,47
Male,24
Male,23
Male,25
Female,69
Male,43
Male,35
Male,53
Female,43
Male,53
Male,58
Male,21
Male,30
Female,41
Male,48
Female,39
Male,57
Male,35
Female,51
Male,40
Female,56
Male,64
Female,54
Male,64
Female,18
Male,59
Female,37
Female,64
Female,42
Male,23
Female,69
Male,47
Male,37
Female,26
Male,65
Male,66
Male,35
Female,57
Male,20
Male,53
Female,23
Female,61
Male,55
Female,18
Female,36
Male,55
Male,45
Male,64
Female,26
Male,64
Male,27
Female,41
Male,43
Male,25
Female,22
Female,30
Male,39
Female,51
Male,42
Female,40
Male,58
Female,65
Female,38
Female,20
Female,25
Male,63
Male,67
Male,56
Male,68
Female,56
Female,39
Female,62
Female,28
Male,40
Male,66
Male,33
Female,69
Female,68
Female,45
Male,52
Female,59
Female,46
Female,55
Male,23
Male,66
Male,31
Male,46
Male,66
Male,45
Female,27
Male,63
Female,64
Female,21
Female,41
Female,19
Female,63
Female,46
Male,42
Female,48
Female,64
Female,68
Female,63
Female,32
Male,55
Male,50
Male,67
Female,66
Female,25
Female,57
Female,33
Female,55
Male,61
Female,58
Female,51
Female,23
Male,56
Female,57
Male,66
Male,40
Female,70
Female,67
Male,38
Female,52
Male,64
Female,46
Female,52
Female,19
Female,50
Male,43
Male,61
Male,49
Female,35
Male,51
Female,47
Male,61
Female,40
Male,65
Female,37
Male,63
Male,40
Female,57
Female,25
Male,31
Male,40
Female,63
Male,31
Male,19
Male,21
Female,41
Male,68
Female,53
Female,26
Female,33
Male,49
Female,49
Female,44
Female,32
Female,66
Female,21
Female,53
Female,42
Male,32
Female,29
Male,24
Female,53
Female,41
Female,23
Female,65
Female,58
Male,62
Male,48
Female,38
Female,28
Female,33
Male,31
Female,42
Female,31
Female,55
Male,35
Female,31
Male,41
Male,68
Female,25
Female,62
Male,42
Female,51
Male,62
Female,61
Female,45
Female,41
Female,35
Female,51
Female,59
Male,20
Female,29
Male,53
Female,22
Male,36
Male,29
Male,44
Male,34
Female,60
Female,45
Male,57
Female,39
Female,27
Female,58
Male,23
Male,34
Male,29
Female,23
Male,60
Female,39
Male,67
Male,33
Male,21
Male,42
Male,50
Female,18
Female,32
Male,34
Male,60
Male,36
Female,67
Female,36
Male,37
Male,18
Female,40
Female,33
Male,41
Female,37
Female,32
Female,41
Female,54
Male,58
Female,50
Female,49
Male,48
Male,32
Male,18
Male,66
Female,29
Male,52
Male,54
Male,65
Male,47
Male,43
Female,28
Female,49
Female,19
Male,27
Male,63
Female,39
Female,26
Male,47
Male,70
Female,42
Male,38
Female,35
Male,37
Male,68
Female,57
Male,33
Male,66
Male,56
Female,52
Male,46
Male,63
Male,47
Female,69
Female,70
Female,65
Female,20
Male,49
Male,31
Female,43
Female,22
Male,45
Female,25
Female,62
Female,65
Male,50
Female,53
Male,30
Female,37
Male,35
Male,68
Male,67
Female,37
Male,60
Female,50
Male,38
Female,63
Female,41
Female,45
Female,22
Male,47
Male,60
Male,70
Male,41
Male,56
Female,31
Female,53
Female,53
Female,43
Female,30
Male,57
